{"acc": 0.7101055979728699, "prec0": 0.700217604637146, "prec1": 0.7210209965705872, "rec0": 0.7347987294197083, "rec1": 0.6854125261306763, "auroc": 0.77637861727589, "auprc": 0.7650058005051866, "minpse": 0.7103762827822121}