{"acc": 0.7465029954910278, "prec0": 0.7476340532302856, "prec1": 0.7453821897506714, "rec0": 0.7442192435264587, "rec1": 0.7487867474555969, "auroc": 0.8242016610044048, "auprc": 0.8160204210258022, "minpse": 0.7467199087278951}