{"acc": 0.6174707412719727, "prec0": 0.5794247984886169, "prec1": 0.7254794239997864, "rec0": 0.8569797277450562, "rec1": 0.37796175479888916, "auroc": 0.7108886481951077, "auprc": 0.7173071579394383, "minpse": 0.6483014558949471}